word,hint,difficulty
ABACUS,An ancient counting tool with beads on rods,hard
ABBA,Swedish pop group famous for Dancing Queen,easy
ABERRATION,A departure from what is normal or expected,hard
ABUNDANCE,A very large quantity of something,easy
ABYSS,A deep or seemingly bottomless chasm,hard
ACCELERATION,Rate of change of velocity,hard
ACORN,The nut of an oak tree,easy
ACRIMONY,Bitterness or ill feeling between people,hard
ACTION,A film genre featuring stunts; fights; and fast pacing,easy
ACTOR,A person who performs a role in a film or play,easy
ACTRESS,A woman who performs a role in a film or play,easy
ACUMEN,The ability to make good judgments quickly,hard
ADELE,British singer known for her powerful soulful voice,easy
ADOBE,Sun-dried brick made of clay,easy
ADULATION,Excessive admiration or praise,hard
ADVENTURE,An exciting or unusual experience,easy
AEROBICS,Exercise performed to music to improve fitness,easy
AESTHETIC,Concerned with beauty and artistic taste,hard
AFTERNOON,The part of the day from noon to evening,easy
AIRPLANE,Fixed-wing flying vehicle,easy
AIRSHIP,A powered aircraft that is lighter than air,hard
AISLE,A passage between rows of seats,easy
ALACRITY,Brisk and cheerful readiness,hard
ALASKA,The largest and most northerly US state,easy
ALBERTA,The western Canadian province known for the Rocky Mountains,hard
ALGAE,Simple aquatic plant life,easy
ALGEBRA,Branch of mathematics using symbols to represent unknowns,hard
ALGORITHM,A set of step-by-step rules for solving a problem,hard
ALIEN,A being from another planet or world,easy
ALLOY,A mixture of two or more metals,hard
ALTRUISM,Selfless concern for the wellbeing of others,hard
ALUMINUM,A lightweight silvery metal used in cans and aircraft,easy
AMAZON,The world's largest tropical rainforest river system,easy
AMBER,Fossilized tree resin,hard
AMBIGUOUS,Open to more than one interpretation,hard
AMBIVALENT,Having mixed or contradictory feelings,hard
AMELIORATE,To make something bad or unsatisfactory better,hard
AMPHIBIAN,A cold-blooded animal that lives on land and in water,easy
ANACHRONISM,Something placed in the wrong historical period,hard
ANALOG,Using continuous physical signals rather than digital ones,hard
ANCHOR,The lead presenter on a news broadcast,easy
ANCHORING,Securing a vessel to the sea floor,hard
ANCHOVY,Small salty fish often used as a pizza topping,easy
ANDROID,The mobile operating system developed by Google,easy
ANDROMEDA,The nearest major galaxy to the Milky Way,hard
ANIMATION,The technique of creating moving images from drawings,easy
ANOMALY,Something that deviates from what is standard,hard
ANT,Small social insect that lives in colonies,easy
ANTAGONIST,The character who opposes the main hero,hard
ANTARCTICA,The southernmost and coldest continent,easy
ANTENNA,A device used to transmit or receive signals,easy
ANTIBIOTIC,A medicine that destroys or inhibits bacterial growth,easy
ANTIPATHY,A deep-seated feeling of aversion or dislike,hard
ANVIL,Heavy iron block for shaping metal,easy
AORTA,The main artery of the body,hard
APATHETIC,Showing or feeling no interest or concern,hard
APEX,Highest point,hard
APPLE,Common red or green fruit,easy
APRICOT,A small soft orange fruit,easy
APRIL,The fourth month; known for April Fools' Day,easy
AQUEDUCT,A structure that carries water over long distances,hard
ARBITRARY,Based on random choice or personal whim,hard
ARCANE,Understood by few; mysterious,hard
ARCHERY,Sport of shooting arrows at a target,easy
ARCHIPELAGO,A group of islands,hard
ARCTIC,The northernmost polar region of Earth,easy
ARENA,An enclosed venue for indoor sports or events,easy
ARETHA,The undisputed Queen of Soul,easy
ARMADA,A large fleet of ships,hard
ARMISTICE,Agreement to stop fighting,hard
AROMA,A pleasant smell,easy
ARTERY,A blood vessel that carries blood away from the heart,hard
ARTIFACT,An object made by humans typically of historical interest,hard
ASCETIC,Practicing severe self-discipline and abstinence,hard
ASSIDUOUS,Showing great care and perseverance,hard
ASTEROID,A small rocky body orbiting the sun,easy
ASTROLABE,An ancient instrument used for navigation,hard
ASTRONAUT,Person who travels to space,easy
ASTRONOMY,The study of stars; planets; and the universe,easy
ATARI,Pioneer of home video game consoles,easy
ATHENS,Capital city of Greece and birthplace of democracy,easy
ATLANTA,The capital and largest city of Georgia,easy
ATLANTIC,The second largest ocean separating the Americas from Europe,easy
ATLAS,A collection of maps,easy
ATOLL,Ring-shaped coral reef,hard
ATROPHY,Gradual wasting away of a body part or ability,hard
AUCKLAND,New Zealand's largest city known as the City of Sails,hard
AUDACIOUS,Showing a willingness to take bold risks,hard
AUDIENCE,The group of people watching a performance,easy
AUDITION,A trial performance used to assess a performer,easy
AUDITORIUM,The part of a theatre where the audience sits,hard
AUGUST,The eighth month of the year,easy
AURORA,Natural light display in the polar sky,hard
AUSTIN,The Live Music Capital of the World and capital of Texas,easy
AUTUMN,The season when leaves fall,easy
AVALANCHE,A mass of snow rapidly sliding down a mountain,hard
AVARICE,Extreme greed for wealth or gain,hard
AVIARY,A large enclosure for keeping birds,hard
AXOLOTL,Regenerating aquatic salamander,hard
BACKDROP,A painted cloth hung at the back of a stage,easy
BACKPACK,Bag worn on the back,easy
BACKSTAGE,The area of a theatre not visible to the audience,easy
BACTERIA,Microscopic single-celled organisms found everywhere,easy
BADMINTON,Racket sport played with a shuttlecock over a net,hard
BAKERY,A shop where bread; cakes; and pastries are made and sold,easy
BALCONY,A platform projecting from a wall of a building,easy
BALL,A round object used in many sports,easy
BALLET,Classical dance form performed on the tips of the toes,easy
BALLOON,Inflatable rubber toy or aircraft,easy
BALLOT,Method of voting,easy
BANANA,A long curved yellow tropical fruit,easy
BANDWIDTH,The maximum rate of data transfer in a network,hard
BANGKOK,The bustling capital city of Thailand,easy
BANNER,Flag or sign,easy
BARBIE,Iconic fashion doll created by Mattel,easy
BARITONE,A male singing voice between tenor and bass,hard
BAROMETER,An instrument that measures atmospheric pressure,hard
BARTER,Exchange goods without money,easy
BASALT,Dark volcanic rock,hard
BASHFUL,Reluctant to draw attention to oneself; shy,easy
BASIL,A fragrant herb used in cooking,easy
BAT,A wooden or metal club used to hit a ball in baseball,easy
BATH,A large container filled with water for washing,easy
BATMAN,The Dark Knight of Gotham,easy
BATTERY,A device that stores and supplies electrical energy,easy
BAYOU,A slow-moving marshy outlet of a lake or river,hard
BEACH,Sandy area where the ocean meets the land,easy
BEACON,A fire or light used as a signal,easy
BEE,Striped insect that produces honey,easy
BEETLE,An insect with hard wing covers,easy
BELIE,Fail to give a true impression of something,hard
BELLICOSE,Demonstrating aggression and willingness to fight,hard
BELLIGERENT,Hostile and aggressive,hard
BENEVOLENT,Well meaning and kindly,hard
BERLIN,Capital city of Germany,easy
BERYL,Mineral used as a gemstone,hard
BEYONCE,Grammy-winning Queen Bey of pop,easy
BICYCLE,Two-wheeled pedal-powered vehicle,easy
BILL,The statement of the amount owed after a meal,easy
BINGE,Watching many episodes of a series in one sitting,easy
BIODIVERSITY,Variety of life in an area,hard
BIOLOGY,The study of living organisms,easy
BIRD,A feathered winged animal that lays eggs,easy
BIRTHDAY,The annual anniversary of the day someone was born,easy
BISCUIT,A small baked bread or cookie,easy
BISON,Large shaggy mammal,easy
BITTER,Having a sharp unpleasant taste,easy
BLADE,The flat cutting edge of a knife or tool,easy
BLIGHT,A plant disease causing widespread damage,hard
BLIZZARD,A severe snowstorm with strong winds,easy
BLOCKBUSTER,A very successful high-budget commercial film,easy
BLOG,A regularly updated website written in an informal style,easy
BLOGGER,A person who writes and maintains an online journal,easy
BLOSSOM,A flower or a mass of flowers on a tree,easy
BLUEPRINT,A detailed architectural plan or design,hard
BLUFF,Steep cliff or bold deception,easy
BOISTEROUS,Noisy; energetic; cheerful,hard
BOLSTER,To support or strengthen,hard
BONANZA,Unexpected source of wealth,hard
BOOMERANG,A curved throwing tool that returns to the thrower,easy
BOOTS,Footwear that covers the ankle or calf,easy
BOROUGH,Administrative district,hard
BOSTON,Massachusetts city famous for its role in American history,easy
BOTANY,The scientific study of plants,hard
BOTTLE,A container for holding liquids,easy
BOWIE,Glam rock icon known as the Starman,easy
BOWL,A deep round dish used for serving soup or cereal,easy
BRACKISH,Slightly salty water,hard
BRAZIL,Largest country in South America,easy
BREAD,Staple food made from flour,easy
BREAKFAST,The first meal of the day eaten in the morning,easy
BRIDGE,A structure built over a river,easy
BROADWAY,Famous theater district in New York City,easy
BRONZE,A third-place medal or the brown metal alloy,easy
BROOCH,Decorative jewelry pin,hard
BROWSER,Software used to access and navigate websites,easy
BUFFER,Protective barrier,hard
BUNKER,A reinforced shelter or defensive structure,hard
BUOY,A floating marker used at sea,easy
BURROW,Animal’s underground home,easy
BUTTER,A yellow spread made from cream,easy
BUTTERFLY,An insect with colorful wings,easy
CABLE,A wire or bundle of wires used to transmit data or power,easy
CACHE,Hidden storage,easy
CACOPHONY,A harsh discordant mixture of sounds,hard
CAIRO,The capital city of Egypt,easy
CAKE,A sweet baked dessert often served at celebrations,easy
CALCULATOR,An electronic device used for mathematical calculations,easy
CALCULUS,Advanced mathematics dealing with rates of change,hard
CALDERA,A large volcanic crater formed by collapse,hard
CALENDAR,A system for organizing days and months,easy
CALIFORNIA,The Golden State on the US west coast,easy
CAMELOT,Legendary castle and court of King Arthur,hard
CAMEO,A brief appearance by a famous person in a production,easy
CAMERA,A device used to take photographs,easy
CAMOUFLAGE,The use of disguise to blend into surroundings,hard
CANADA,Country known for the maple leaf and ice hockey,easy
CANDLE,A wax stick used for light,easy
CANDOR,The quality of being open and honest,hard
CANDY,A sweet confection made mostly from sugar,easy
CANOPY,Overhead covering,easy
CANVAS,A strong cloth used for painting or sails,easy
CANYON,A deep gorge typically carved by a river,easy
CAPILLARY,A tiny blood vessel in the body,hard
CAPRICIOUS,Given to sudden and unaccountable changes of mood,hard
CARAPACE,Hard outer shell of an animal,hard
CARAVAN,Group traveling together,easy
CARBON,The element that forms the chemical basis of all life,easy
CARNIVAL,A festive season with parades and entertainment,easy
CARNIVORE,Meat-eating animal,easy
CARROT,A long tapering orange root vegetable,easy
CARTOGRAPHY,The science of map-making,hard
CAST,The group of performers in a film or play,easy
CASTLE,A large fortified building,easy
CATACOMB,An underground burial site,hard
CATALYST,Substance that speeds up a chemical reaction,easy
CATHEDRAL,A large important church building,easy
CAUSEWAY,Raised road over water,hard
CAUSTIC,Sharply sarcastic or critical in a cutting way,hard
CAVERN,A large cave or chamber underground,easy
CELEBRATE,To mark a special occasion with festivities,easy
CELEBRITY,A famous and widely recognized public figure,easy
CELSIUS,A temperature scale used worldwide,easy
CENSUS,Population count,easy
CENTURY,A period of one hundred years,easy
CHAIR,A separate seat for one person with a back,easy
CHAMPION,The overall winner of a competition,easy
CHANNEL,A TV station that broadcasts programmes,easy
CHAOS,Complete disorder and confusion,easy
CHASM,A deep fissure in the earth's surface,hard
CHECKERS,Board game played with red and black discs,easy
CHEESE,A food made from milk curds,easy
CHEF,A trained professional cook who leads a kitchen,easy
CHEMISTRY,The study of substances and how they react,easy
CHER,Pop and film icon known as the Goddess of Pop,easy
CHERRY,A small round red or dark fruit with a stone,easy
CHESS,Ancient strategy board game of kings,easy
CHIAROSCURO,Strong contrast between light and dark in art,hard
CHICAGO,The Windy City on Lake Michigan in Illinois,easy
CHICANERY,The use of deception or trickery to achieve a goal,hard
CHICKEN,A bird commonly raised on farms for eggs and meat,easy
CHINA,The most populous country in East Asia,easy
CHIP,A tiny piece of semiconductor used in electronic devices,easy
CHISEL,A tool used for carving or cutting hard material,easy
CHLOROPHYLL,Green pigment in plants,hard
CHOCOLATE,A sweet treat made from cocoa,easy
CHOREOGRAPHY,The art of creating and arranging dance sequences,hard
CHORUS,A large group of singers performing together,easy
CHROME,The web browser developed by Google,easy
CHRONIC,Long-lasting condition,hard
CHRONICLE,A factual written account of events over time,hard
CHRONOLOGY,Arrangement of events in time order,hard
CINEMA,A building where films are screened for an audience,easy
CINEMATOGRAPHY,The art of photographing motion pictures,hard
CIPHER,A secret or disguised way of writing,hard
CIRCLE,A perfectly round flat shape,easy
CIRCUIT,A closed path through which electricity flows,hard
CIRCUMSPECT,Wary and unwilling to take risks,hard
CITADEL,A fortress protecting a city,hard
CLAN,Extended family group,easy
CLAY,A soft earth material used in pottery,easy
CLICK,The act of pressing a mouse button to select something,easy
CLIENT,A computer or app that requests data from a server,hard
CLIFF,A steep rock face,easy
CLIMATE,The long-term weather pattern of a region,easy
CLOCK,Device that measures and displays time,easy
CLOISTER,A covered walk in a monastery or convent,hard
CLOUD,Remote servers accessed over the internet for storage,easy
COACH,A person who trains and instructs a sports team,easy
COBAIN,Voice and face of the grunge generation,easy
COBALT,A metallic element often used as a blue pigment,hard
COCOON,A silky case spun by insects during development,easy
CODER,A person who writes computer programs,easy
COFFEE,A popular morning caffeine drink,easy
COGENT,Clear; logical; and convincing,hard
COGNIZANT,Having knowledge or being aware of something,hard
COLDPLAY,British band known for Yellow and Fix You,easy
COLLAGE,Art made from assembled pieces,easy
COMEDY,A genre of entertainment intended to make you laugh,easy
COMET,A ball of ice and rock that develops a tail near the sun,easy
COMETARY,Relating to a comet,hard
COMICON,A major convention celebrating comics; film; and gaming,easy
COMPASS,A tool for drawing circles or finding magnetic north,easy
COMPASSION,Sympathetic concern for others,easy
COMPLACENT,Showing smug or uncritical self-satisfaction,hard
COMPOST,Decayed organic material used as fertilizer,easy
COMPUTER,Electronic data processing machine,easy
CONCERT,A live musical performance,easy
CONCILIATORY,Intended to placate or pacify someone,hard
CONDUCTOR,A person who directs an orchestra or choir,easy
CONDUIT,Channel for conveying fluids,hard
CONE,A three-dimensional shape with a circular base tapering to a point,easy
CONFETTI,Tiny pieces of colored paper thrown at celebrations,easy
CONIFER,Cone-bearing tree,hard
CONSTELLATION,A group of stars forming a pattern,easy
CONUNDRUM,A confusing and difficult problem,hard
COOKIE,A small flat sweet baked biscuit,easy
COPIOUS,Abundant in supply or quantity,hard
COPPER,A reddish-brown metal used in electrical wiring,easy
COPY,To make an identical duplicate of a file or text,easy
CORAL,A marine organism forming reefs,easy
CORN,A tall cereal crop producing yellow kernels on a cob,easy
CORRIDOR,Long passageway,easy
COSMOS,The universe seen as a whole,hard
COSPLAY,The practice of dressing up as a fictional character,easy
COSTUME,Special clothing worn by an actor for a role,easy
COURT,The marked surface where racket sports or basketball are played,easy
COW,Large farm animal that produces milk,easy
CRATER,A bowl-shaped depression formed by impact or eruption,easy
CRAYON,Colored wax stick for drawing,easy
CRESCENT,Curved shape like a moon,easy
CRITIC,A person who evaluates and writes about artistic works,easy
CROSSFIRE,Gunfire from two or more directions,hard
CRYPTIC,Having a meaning that is mysterious or obscure,hard
CRYSTAL,A solid with a repeating atomic structure,easy
CUBE,A three-dimensional shape with six equal square faces,easy
CULTURE,Customs and social behavior of a society,easy
CULVERT,Tunnel for water under a road,hard
CUP,A small container with a handle used for drinking,easy
CURRENT,A flow of water or electricity,easy
CURSOR,The movable pointer controlled by a mouse on screen,easy
CURTAIN,It drops to signal the end of a theatrical act,easy
CUSTODIAN,A person responsible for maintenance or care,hard
CYCLING,Sport of racing on bicycles,easy
CYCLONE,A large-scale air mass rotating around a low-pressure center,hard
CYLINDER,A three-dimensional shape with two circular ends,easy
DAHLIA,Type of flowering plant,hard
DAISY,A small white-petaled flower with a yellow center,easy
DALLAS,Major city in north Texas,easy
DANDELION,Common yellow wildflower and weed,easy
DANGER,The possibility of suffering harm,easy
DATA,Facts and information collected for analysis,easy
DAY,A period of twenty-four hours,easy
DEARTH,A scarcity or lack of something,hard
DEBILITATE,To make someone weak and infirm,hard
DEBRIS,Scattered fragments from destruction,hard
DECADE,A period of ten years,easy
DECATHLON,An athletics competition with ten different events,hard
DECEMBER,The twelfth and final month; associated with Christmas,easy
DECIMAL,A number written using a point to separate whole and part,easy
DECOY,Something used to mislead,hard
DEFEAT,Failure to win against an opponent,easy
DEFERENCE,Humble submission and respect toward another,hard
DELETE,To permanently remove data from a computer,easy
DELICIOUS,Highly pleasing to the taste,easy
DELTA,A landform at the mouth of a river,easy
DELUGE,Severe flood,hard
DENSITY,Mass per unit volume of a substance,hard
DENVER,The Mile High City and capital of Colorado,easy
DERIVE,To obtain from a source,easy
DESERT,A dry sandy region with little rain,easy
DESKTOP,The main graphical interface of a computer screen,easy
DESPOT,Tyrannical ruler,hard
DESSERT,A sweet course served at the end of a meal,easy
DESTITUTE,Without the basic necessities of life,hard
DETOUR,Alternate route,easy
DETROIT,The Motor City of Michigan known for car manufacturing,easy
DIABETES,A chronic disease affecting blood sugar regulation,easy
DIAGRAM,Visual representation,easy
DIAMETER,The length of a straight line through the center of a circle,hard
DIAPHANOUS,Light; delicate; translucent,hard
DICE,Small cubes with numbered faces used in many board games,easy
DIDACTIC,Intended to teach or moralize,hard
DIFFIDENT,Lacking self-confidence; shy,hard
DIGITAL,Involving information stored as numbers on a computer,easy
DILIGENT,Having or showing care and effort in work,easy
DINNER,The main meal of the day usually eaten in the evening,easy
DIODE,Electronic component allowing one-way flow,hard
DIPLOMA,Certificate of graduation,easy
DIRECTOR,The person who oversees the creative vision of a film,easy
DISCOURSE,Formal discussion,hard
DISDAIN,The feeling that someone or something is unworthy,hard
DISNEY,Animation studio founded by Walt,easy
DISPARATE,Essentially different in kind; not comparable,hard
DIVERGE,To move apart,hard
DIVIDE,To split into equal parts; a core mathematical operation,easy
DNA,The molecule that carries an organism's genetic information,easy
DOCTOR,A person who treats the sick,easy
DOCUMENTARY,A film presenting factual information about real events,easy
DOLOR,A state of great sorrow or distress,hard
DOLPHIN,An intelligent marine mammal known for its agility,easy
DOMAIN,The unique address that identifies a website,hard
DOMINOES,A tile-based game played by matching numbered ends,easy
DONKEY,Sure-footed animal related to the horse,easy
DOOR,A hinged barrier used as an entrance,easy
DORMANT,Inactive but capable of becoming active,hard
DOWNLOAD,The process of receiving data from the internet,easy
DOWNSPOUT,Pipe carrying rainwater,easy
DRAGON,Fire-breathing mythical winged reptile,easy
DRAKE,Chart-topping Canadian rapper and singer,easy
DRAMA,A genre of intense storytelling for stage or screen,easy
DRAMATURGY,The study of dramatic composition and theatre,hard
DREAM,Images experienced while sleeping,easy
DRIFTER,One who moves without purpose,hard
DUBLIN,Capital city of Ireland,hard
DUCK,A water bird with a flat bill,easy
DUNE,A mound or ridge of sand formed by wind,easy
DUNGEON,An underground maze full of monsters in fantasy games,easy
DYLAN,Nobel Prize-winning folk rock singer-songwriter,easy
DYNASTY,Series of rulers from one family,easy
EAGLE,Large bird of prey,easy
EARTH,The planet we live on; third from the sun,easy
EBULLIENT,Cheerful and full of energy,hard
ECHO,A sound caused by reflection of sound waves,easy
ECLECTIC,Deriving ideas or style from diverse sources,hard
ECLIPSE,An event where one celestial body blocks another,easy
ECONOMY,System of production and consumption in a society,hard
ECOSYSTEM,A community of living organisms and their environment,easy
EDDY,Swirling current of water,hard
EDIFICE,A large imposing building,hard
EFFERVESCENT,Vivacious and enthusiastic,hard
EGREGIOUS,Outstandingly bad; shocking,hard
EGYPT,Country famous for its ancient pyramids and the Sphinx,easy
ELECTRON,A negatively charged particle orbiting an atom's nucleus,hard
ELEMENT,A pure substance made of only one type of atom,easy
ELICIT,Evoke or draw out a response or reaction,hard
ELIXIR,A magical or medicinal potion,easy
ELOQUENT,Fluent or persuasive in speaking or writing,hard
ELTON,The flamboyant Rocket Man of rock,easy
ELUCIDATE,To make something clear by explaining it,hard
ELVIS,The King of Rock and Roll,easy
EMAIL,Electronic messages sent and received via the internet,easy
EMBERS,Glowing remains of a dying fire,easy
EMBLEM,Symbol or badge,easy
EMINEM,Rapper known as The Real Slim Shady,easy
EMMY,Television industry award,easy
EMOJI,A small digital image used to express an emotion,easy
EMPATHY,The ability to understand the feelings of others,easy
EMULATE,To match or surpass by imitation,hard
ENCLAVE,Territory within another territory,hard
ENCORE,A repeat performance demanded by an appreciative audience,easy
ENCRYPTION,The process of converting data into a coded format,hard
ENDEAVOR,Serious attempt,easy
ENERVATE,To cause someone to feel drained of energy,hard
ENGRAVE,Carve into a surface,easy
ENIGMA,Something mysterious or puzzling,hard
ENIGMATIC,Difficult to interpret or understand,hard
ENTROPY,Measure of disorder,hard
ENZYME,Biological catalyst,hard
EPHEMERAL,Lasting for a very short time,hard
EPICENTER,Point above an earthquake origin,hard
EPIPHANY,Sudden realization,easy
EPISODE,A single installment of a TV series,easy
EPOCH,A particular period of time in history,hard
EQUALS,The symbol showing that two quantities have the same value,easy
EQUANIMITY,Mental calmness and composure in difficult situations,hard
EQUATOR,Imaginary line dividing Earth into north and south,easy
EQUESTRIAN,Relating to horse riding; a competitive horse sport,hard
ERODE,Gradually wear away,easy
EROSION,The gradual wearing away of land,hard
ESCARPMENT,Steep slope or cliff,hard
ESOTERIC,Intended for or understood by only a few,hard
ESTUARY,Where a river meets the sea,easy
ETHOS,Characteristic spirit of a culture,hard
EUPHEMISM,A mild word substituted for a harsh or blunt one,hard
EUROPA,An icy moon of Jupiter that may harbour a liquid ocean,hard
EVENING,The period of time at the end of the day before night,easy
EVEREST,The world's highest mountain peak,easy
EVOLUTION,The process by which living things change over generations,easy
EVOLVE,Develop gradually,easy
EXACERBATE,To make a problem or bad situation worse,hard
EXCAVATE,Dig out material,easy
EXCULPATE,To show or declare that someone is not guilty,hard
EXILE,Forced removal from home,easy
FABLE,A short story that teaches a moral lesson,easy
FACADE,The front face of a building,easy
FACETIOUS,Treating serious issues with inappropriate humor,hard
FACTION,Small organized dissenting group,hard
FAIRY,A small magical being with wings from folklore,easy
FALCON,A bird of prey known for speed,easy
FALLOW,Agricultural land left uncultivated to restore fertility,hard
FALSETTO,A very high artificial singing voice,hard
FAMILY,A group of people related by blood or marriage,easy
FANBASE,The collective body of fans of a celebrity,easy
FANDOM,The community of enthusiastic fans of a person or thing,easy
FANTASY,A genre involving magic; mythical creatures; and adventure,easy
FARMER,A person who grows crops,easy
FASTIDIOUS,Very attentive to accuracy and detail,hard
FATHOM,Unit of depth or to understand,hard
FAUNA,Animal life of a region,hard
FEBRUARY,The shortest month; usually 28 days,easy
FELINE,Cat-like animal,easy
FENCING,Sword-fighting combat sport,easy
FERAL,Wild and untamed,hard
FERMENTATION,Process of converting sugars into acids or alcohol,easy
FERRY,A boat used to transport passengers,easy
FESTIVAL,A period of public celebration,easy
FEUDAL,Relating to the medieval system of lords and vassals,hard
FEUDALISM,Medieval social system,hard
FIBER,High-speed internet delivered through glass cable,easy
FIELD,The grass surface where football or soccer is played,easy
FILE,A collection of digital data stored on a computer,easy
FINAL,The last game or event deciding the overall winner,easy
FIREFOX,An open-source web browser developed by Mozilla,easy
FIREWALL,A security system that monitors and controls network traffic,hard
FISH,Cold-blooded animal that lives and breathes in water,easy
FISSURE,A long narrow crack in rock or earth,hard
FJORD,A long narrow sea inlet between steep cliffs,hard
FLAMBOYANT,Tending to attract attention through confidence,hard
FLORA,Plant life of a region,hard
FLORIDA,The Sunshine State in the southeastern USA,easy
FLOURISH,To grow or develop in a healthy way,easy
FLOWER,The colorful part of a plant,easy
FLUX,Continuous change,hard
FOIBLE,A minor weakness or eccentricity in character,hard
FOIL,Thin sheet of metal,easy
FOLDER,A named container for organizing files on a computer,easy
FOLLOWER,Someone who subscribes to another user's online content,easy
FORAGE,Search for food,easy
FOREST,A large area covered with trees,easy
FORK,An eating utensil with two or more prongs,easy
FORMIDABLE,Inspiring fear or respect through power or size,hard
FORTNITE,Popular free-to-play battle royale game,easy
FORTUITOUS,Happening by a lucky accident,hard
FOSSIL,The preserved remains of an ancient organism,easy
FOUNTAIN,A structure that sends water into the air,easy
FRACTION,A number representing part of a whole,easy
FRAGMENT,Broken piece,easy
FRANCE,Country home to the Eiffel Tower and the Louvre,easy
FREEZER,A kitchen appliance that keeps food frozen,easy
FRESCO,Painting on wet plaster,hard
FRIDAY,The last day of the working week,easy
FRIDGE,A kitchen appliance used to keep food cold,easy
FRIEND,A person with whom one has a bond of mutual affection,easy
FRIVOLOUS,Not having any serious purpose or value,hard
FRODO,Hobbit who carried the One Ring to Mordor,easy
FURNACE,An enclosed structure for heating,easy
FUSION,Joining together,easy
GADGET,A small clever mechanical or electronic device,easy
GAGA,Lady known for eccentric pop and fashion,easy
GAINSAY,Deny or contradict a fact or statement,hard
GALAXY,A massive system of billions of stars held together by gravity,easy
GALLEY,A ship's kitchen,easy
GAMBIT,Opening move in a strategy,hard
GAMER,Someone who plays video games regularly,easy
GANDALF,The wise grey wizard from Middle-earth,easy
GARDEN,A plot of ground for growing plants,easy
GARGOYLE,A carved stone figure on buildings,hard
GARISH,Obtrusively bright and showy,hard
GARLIC,A pungent bulb used to flavor food,easy
GARNET,Dark red gemstone,hard
GARRULOUS,Excessively talkative,hard
GASOLINE,Fuel for engines,easy
GENE,The basic unit of heredity passed from parent to child,easy
GENOME,The complete set of genetic material in an organism,hard
GENRE,A category of artistic works sharing similar style,easy
GEOLOGY,The study of the Earth's physical structure and history,easy
GEOMETRY,Branch of mathematics dealing with shapes and space,hard
GEYSER,A hot spring that erupts periodically,easy
GHOST,The spirit of a dead person,easy
GIFT,An item given to someone without payment,easy
GIGABYTE,A unit of digital data equal to one billion bytes,easy
GLACIER,A slow-moving mass of ice,easy
GLASS,A transparent drinking container,easy
GLIDER,A light aircraft without an engine,hard
GLIMMER,Faint light,easy
GLOVES,Hand coverings for warmth or protection,easy
GLYPH,A symbolic figure or carved character,hard
GOAL,The structure into which a ball is scored; worth one point,easy
GOALKEEPER,The player who guards the goal in soccer or hockey,hard
GOLD,A precious yellow metal used in jewelry and currency,easy
GOLLUM,Wretched creature obsessed with the One Ring,easy
GONDOLA,Flat-bottomed boat,easy
GORGE,A narrow steep-sided valley,hard
GOSSAMER,Something very light; delicate; or insubstantial,hard
GRAMMY,Music industry's top award,easy
GRANITE,A hard igneous rock,easy
GRAPES,Small round fruits that grow in clusters,easy
GRATITUDE,The quality of being thankful,easy
GRATUITOUS,Uncalled for; lacking good reason,hard
GRAVITATE,Move toward something,hard
GRAVITY,The invisible force that attracts objects toward each other,easy
GREASE,Classic musical set in an American high school in the 1950s,easy
GREECE,Country regarded as the birthplace of the Olympic Games,easy
GREGARIOUS,Fond of company; sociable,hard
GROTTO,Small cave,hard
GUILELESS,Innocent and without deception,hard
GUITAR,A stringed musical instrument,easy
GYMNASTICS,Sport involving exercises for agility and balance,hard
HABERDASHERY,Store selling sewing goods,hard
HABITAT,Natural home of an organism,easy
HACKER,Someone who gains unauthorized access to computer systems,easy
HACKNEYED,Overused to the point of being unoriginal or trite,hard
HAIL,Frozen precipitation in small balls,easy
HALCYON,Calm and peaceful,hard
HALFTIME,The break in the middle of a sports match,easy
HALLOW,To honor or regard as holy,hard
HALLOWEEN,October 31st holiday,easy
HAMBURGER,A ground beef patty served in a bread bun,easy
HAMILTON,Award-winning musical by Lin-Manuel Miranda,easy
HAMLET,Small village,easy
HAMMER,A tool used to hit nails,easy
HAMSTER,Small furry pet rodent,easy
HANDBALL,Team sport where players throw a ball into a goal,easy
HAPPY,Feeling or showing joy and contentment,easy
HARANGUE,A lengthy and aggressive speech,hard
HARBINGER,A person or thing that signals an approaching event,hard
HARBOR,A sheltered area for ships,easy
HARDWARE,The physical components that make up a computer,easy
HARROW,To disturb or distress,hard
HARVEST,The process of gathering crops,easy
HASHTAG,A word preceded by the hash symbol used online,easy
HAT,A covering worn on the head,easy
HAUGHTY,Arrogantly superior and disdainful,hard
HAVEN,Place of safety,easy
HAWAII,US state made up of volcanic islands in the Pacific,easy
HEADLINE,The large title at the top of a news article,easy
HEART,The muscle that pumps blood around the body,easy
HEDONISTIC,Devoted to the pursuit of pleasure,hard
HELICOPTER,Aircraft with rotating blades,easy
HELIUM,The lightest noble gas used to fill party balloons,easy
HELIX,Spiral shape,hard
HELMET,A protective headpiece worn in contact sports,easy
HENDRIX,Left-handed guitar legend of the 1960s,easy
HERALD,Messenger or announcer,easy
HERB,A plant used for flavoring food or in medicine,easy
HERBIVORE,Plant-eating animal,easy
HERITAGE,Traditions and qualities passed down,easy
HERMIONE,The brightest witch of her age in Harry Potter,easy
HERO,A person admired for their courage or achievements,easy
HEXAGON,A polygon with six sides,easy
HIATUS,A pause or gap in a sequence,hard
HIBERNATE,Sleep through winter,easy
HILARIOUS,Extremely amusing,easy
HINTERLAND,Remote inland region,hard
HIVE,A structure where bees live,easy
HOGWARTS,School for witches and wizards in Harry Potter,easy
HOLIDAY,A period of time away from work or school,easy
HOLOGRAM,A three-dimensional image formed by light,hard
HOMEPAGE,The main entry page of a website,easy
HONEY,A sweet sticky liquid produced by bees,easy
HOPE,A feeling of expectation and desire for something to happen,easy
HORIZON,The line where the earth and sky appear to meet,easy
HORROR,A genre designed to frighten and disturb the audience,easy
HOST,A server that stores and delivers a website,hard
HOTDOG,A cooked sausage served in a long bun,easy
HOUR,A twenty-fourth part of a day,easy
HOUSE,A building where people live,easy
HOUSTON,The Space City and largest city of Texas,easy
HULK,A Marvel hero who transforms when angry,easy
HUNGRY,Feeling the need to eat,easy
HURRICANE,A powerful tropical storm,easy
HYBRID,A thing made by combining two different elements,hard
HYDRA,Multi-headed mythical water serpent,easy
HYDRATE,To supply with water,easy
HYDROGEN,The lightest and most abundant element in the universe,easy
HYENA,Scavenging mammal,easy
HYPOTHETICAL,Based on a suggested theory or scenario,hard
ICEBERG,A large floating mass of ice,easy
ICECAP,A mass of ice covering a region,easy
ICON,A person or thing regarded as a symbol,easy
ICONOCLAST,A person who attacks cherished beliefs or institutions,hard
IDOL,A person greatly admired and looked up to,easy
IGLOO,Snow house,easy
IGNEOUS,Rock formed from magma or lava,hard
ILLUSION,False perception,easy
IMBUE,To inspire or permeate,hard
IMMINENT,About to happen,hard
IMMUTABLE,Unchanging over time or unable to be changed,hard
IMPECCABLE,In accordance with the highest standards; faultless,hard
IMPETUOUS,Acting quickly without thought or care,hard
IMPINGE,To have an encroaching or negative effect on,hard
IMPRINT,Mark made by pressure,easy
IMPROVISATION,Performance created spontaneously without preparation,hard
INBOX,The folder where incoming messages are received,easy
INCISIVE,Intelligently analytical and clear-thinking,hard
INCOGNITO,With one's identity concealed,hard
INCORRIGIBLE,Not able to be corrected or reformed,hard
INCUBATE,Maintain conditions for growth,hard
INDIA,Country home to the Taj Mahal,easy
INDIAN,The ocean located between Africa and Australia,easy
INDIGO,Deep blue color,easy
INDOLENT,Wanting to avoid activity or exertion; lazy,hard
INERT,Lacking the ability or tendency to move or react,hard
INERTIA,Resistance to a change in motion,hard
INEVITABLE,Certain to happen; unavoidable,hard
INFER,To deduce,easy
INFLUENCER,A social media user with a large and engaged following,easy
INFUSE,To steep or fill,hard
INGOT,Block of metal,hard
INLET,A small arm of the sea,easy
INSCRIBE,Write or carve onto a surface,hard
INSTAGRAM,Social media app centered on sharing photos,easy
INSULIN,A hormone that regulates blood sugar levels,hard
INTERLUDE,Pause between events,hard
INTERMISSION,A short break between acts of a performance,easy
INTERNET,The global system of interconnected computer networks,easy
INTREPID,Fearless and adventurous,hard
INURED,Accustomed to something difficult or unpleasant,hard
INVETERATE,Having a habit or activity that is long-established,hard
ION,Charged particle,hard
IPHONE,Apple's flagship smartphone,easy
IRON,A strong metal used to make steel,easy
IRONMAN,Billionaire Tony Stark's superhero alter ego,easy
ISLAND,Land completely surrounded by water,easy
ISOTOPE,Atoms of the same element with different neutrons,hard
ISTHMUS,Narrow land connecting two larger areas,hard
ITALY,European country shaped like a boot,easy
IVORY,A hard white material from elephant tusks,hard
JACKSON,The King of Pop's family name,easy
JAKARTA,The capital city of Indonesia,hard
JANUARY,The first month of the year,easy
JARGON,Special words used by a specific group,easy
JAVA,A widely used object-oriented programming language,hard
JAVELIN,A spear thrown in a track and field event,hard
JEOPARDY,Danger of loss; harm; or failure,hard
JERSEY,The shirt worn by a player as part of a team uniform,easy
JEST,A thing said or done for amusement,easy
JETSTREAM,A fast flowing air current in the atmosphere,hard
JETTY,Structure extending into water,hard
JOCULAR,Fond of or characterized by joking,hard
JOKER,Batman's iconic arch-nemesis,easy
JOURNEY,The act of traveling from one place to another,easy
JOVIAL,Cheerful and friendly,hard
JOYSTICK,Classic stick-based gaming input device,easy
JUBILANT,Feeling or expressing great happiness,hard
JUDICIOUS,Having or showing good judgment or sense,hard
JUDO,Martial art focused on throwing and grappling,easy
JUICE,A drink made from squeezed fruit,easy
JULY,The seventh month; often the hottest month of summer,easy
JUNCTION,A point where things join,easy
JUNE,The sixth month; the start of summer in the northern hemisphere,easy
JUNGLE,Dense tropical forest,easy
JUPITER,The largest planet in our solar system,easy
JURASSIC,A geological period when dinosaurs dominated the Earth,easy
JURISDICTION,Legal authority area,hard
JUXTAPOSE,Place things close together to highlight contrast,hard
KALEIDOSCOPE,A constantly changing pattern or scene,hard
KANGAROO,Large Australian marsupial with a powerful tail,easy
KARATE,Japanese martial art involving strikes and kicks,easy
KARST,A landscape formed from dissolved limestone,hard
KESTONE,The central stone in an arch,hard
KETTLE,A container used for boiling water,easy
KEYBOARD,An input device with keys for typing text,easy
KEYS,Small metal tools used to open locks,easy
KILN,A furnace for firing pottery,easy
KINDLE,To light or set something on fire,easy
KINDRED,Similar in kind; related,hard
KINETIC,Relating to or resulting from motion,hard
KINGDOM,A major classification in biology,hard
KISMET,Destiny or fate,hard
KITCHEN,A room used for cooking food,easy
KNACK,A special skill or talent for something,easy
KNIFE,A cutting tool with a sharp blade,easy
KNIGHT,A medieval warrior in armor,easy
KNOLL,Small hill,easy
KNOTTY,Extremely difficult or complex,hard
KOALA,Australian tree-dwelling marsupial,easy
LABYRINTH,A complicated irregular network of paths,hard
LABYRINTHINE,Like a complex irregular network of passages,hard
LACONIC,Using very few words,hard
LACROSSE,Fast-paced sport played with a small ball and long-handled net stick,easy
LAGOON,A shallow body of water separated from the sea,easy
LAGOS,The largest city in Nigeria,hard
LAMP,A device that provides artificial light,easy
LANTANA,A flowering tropical plant,hard
LANTERN,A portable light with a protective enclosure,easy
LAPTOP,A portable computer designed for use on the go,easy
LATENCY,Delay in data transfer,hard
LATERAL,Sideways,hard
LATITUDE,Distance north or south of the equator,hard
LATTICE,Crisscross structure,hard
LAUGH,To make sounds of amusement or joy,easy
LAVA,Molten rock expelled by a volcano,easy
LAVISH,Rich; elaborate; or spent in great amounts,easy
LEAGUE,An organized group of sports teams that compete regularly,easy
LEGEND,An extremely famous and respected person in a field,easy
LEGUME,A plant that produces pods like beans,easy
LEIA,Princess who led the Rebel Alliance,easy
LEMON,Yellow sour citrus fruit,easy
LENNON,The Beatle who wrote Imagine,easy
LETHARGY,A lack of energy and enthusiasm,hard
LETTUCE,A green leafy vegetable used as the base of salads,easy
LEVEE,Embankment to prevent flooding,hard
LEVEL,A single stage or section within a video game,easy
LIBRARY,Place where books are kept and borrowed,easy
LIBRETTO,The text of an opera or musical,hard
LIGHTNING,Electrical flash in the sky,easy
LIMESTONE,A sedimentary rock made of calcium carbonate,easy
LINK,A clickable connection from one web page to another,easy
LINUX,A free open-source operating system used by developers,hard
LION,Large African cat known as the king of the jungle,easy
LISBON,Capital city of Portugal,hard
LOGIN,The process of entering credentials to access a system,easy
LOGOUT,The process of ending a session on a computer system,easy
LONDON,City home to Big Ben and Buckingham Palace,easy
LOQUACIOUS,Tending to talk a great deal,hard
LOVE,A deep feeling of affection toward someone,easy
LUCIDITY,Clarity of expression; intelligibility,hard
LUKE,Skywalker who faced the Empire,easy
LUMINOUS,Giving off light,hard
LUNAR,Relating to the moon,easy
LUNCH,A meal eaten in the middle of the day,easy
LYRIC,Words of a song,easy
MADONNA,The Queen of Pop,easy
MADRID,Capital city of Spain,easy
MAGIC,The art of producing effects through supernatural means,easy
MAGMA,Molten rock below Earth’s surface,easy
MAGNANIMOUS,Generous or forgiving toward rivals,hard
MAGNET,A material that attracts iron or steel,easy
MAHJONG,A Chinese tile-based game usually played by four people,hard
MALLEABLE,Able to be shaped or influenced easily,hard
MALWARE,Software designed to damage or gain access to a computer,hard
MAMMAL,A warm-blooded vertebrate with hair or fur,easy
MANDATE,Official order,hard
MANILA,The capital city of the Philippines,easy
MANTRA,A word or phrase repeated for focus or motivation,easy
MARATHON,A long-distance running race of 26.2 miles,easy
MARCH,The third month; often associated with the start of spring,easy
MARIO,Nintendo's famous mustachioed plumber,easy
MARKET,A place where goods are sold,easy
MARS,The Red Planet,easy
MARSH,Wetland area,easy
MARVEL,Comic book universe home to the Avengers,easy
MATCH,A competitive game between two players or teams,easy
MATRIX,Environment or structure,hard
MAUDLIN,Self-pityingly or tearfully sentimental,hard
MAY,The fifth month of the year,easy
MEADOW,Field of grass and flowers,easy
MEDAL,A metal disc awarded as a prize in sport or competition,easy
MEGABYTE,A unit of digital data equal to one million bytes,easy
MELANCHOLY,A feeling of pensive sadness,hard
MELLIFLUOUS,Sweet or musical; pleasant to hear,hard
MEME,A humorous image or phrase spread rapidly online,easy
MENDACIOUS,Not telling the truth; lying,hard
MENU,A list of dishes available at a restaurant,easy
MERCURIAL,Subject to sudden or unpredictable changes of mood,hard
MERCURY,The smallest planet and the one closest to the sun,easy
MERIDIAN,Imaginary north-south line,hard
METAMORPHIC,Rock altered by heat and pressure,hard
METAMORPHOSIS,Process of transformation from one form to another,hard
METEOR,A space rock that burns up entering Earth's atmosphere,easy
METICULOUS,Showing great attention to detail,hard
MEXICO,Country directly south of the USA,easy
MIAMI,Sunny coastal city in southern Florida,easy
MICROBE,Microscopic organism,easy
MICROSCOPE,Instrument for viewing tiny objects,easy
MIDNIGHT,Twelve o'clock in the middle of the night,easy
MILK,A white liquid produced by cows and other mammals,easy
MILLENNIUM,A period of one thousand years,easy
MINECRAFT,Hugely popular sandbox game about building with blocks,easy
MINERAL,Naturally occurring substance,easy
MINUS,The symbol for subtraction,easy
MINUTE,A sixtieth part of an hour,easy
MIRAGE,Optical illusion,easy
MIRROR,A surface that reflects an image,easy
MITOSIS,The process by which a cell divides into two identical cells,hard
MOBILE,A small handheld device that can connect to a network,easy
MODEM,A device that connects a computer to the internet,hard
MOLECULE,A group of two or more atoms bonded together,easy
MONDAY,The first day of the working week,easy
MONKEY,A clever primate with a tail,easy
MONOLOGUE,A long speech delivered by one person,hard
MONSOON,Seasonal heavy rain,hard
MONSTER,A large imaginary creature that is threatening,easy
MONTH,One of the twelve periods into which a year is divided,easy
MOON,Earth's natural satellite,easy
MORAINE,Glacial debris deposit,hard
MORNING,The part of the day from sunrise to noon,easy
MOSAIC,Art made from small colored pieces,easy
MOTIF,Recurring design element,hard
MOUNTAIN,A very tall natural landform,easy
MOUSE,Small rodent with a long thin tail,easy
MUNDANE,Lacking interest or excitement; dull,easy
MUSEUM,Place where historical objects are displayed,easy
MUSICAL,A show or film combining dialogue; song; and dance,easy
MUTATION,Genetic change,hard
MYCELIUM,Fungal root network,hard
MYRIAD,A countless or extremely great number,hard
MYSTERY,A genre built around a crime or puzzle to be solved,easy
NAIROBI,The capital city of Kenya,hard
NAPKIN,A small cloth or paper used to wipe the mouth while eating,easy
NAVIGATE,To plan and direct a route or course,hard
NEBULA,A cloud of gas and dust in space,hard
NEBULOUS,Hazy; vague; or indistinct,hard
NECTAR,Sweet liquid from flowers,easy
NEFARIOUS,Wicked or criminal,hard
NEGLIGIBLE,So small or unimportant as to be worth ignoring,hard
NEOPHYTE,A person who is new to a subject or activity,hard
NEPTUNE,The eighth and furthest planet from the sun,easy
NET,A mesh barrier used in tennis; soccer; and other sports,easy
NETFLIX,Major video streaming service,easy
NETWORK,A system of connected computers or devices,easy
NEUTRON,A neutral subatomic particle found in an atom's nucleus,hard
NEXUS,Connection or link,hard
NICKEL,A hard silvery metal also the name of a US 5-cent coin,easy
NIGHT,Time of darkness between sunset and sunrise,easy
NINTENDO,Japanese gaming company behind Mario and Zelda,easy
NIRVANA,Iconic grunge band led by Kurt Cobain,easy
NITRATE,Chemical compound with nitrogen,hard
NITROGEN,The gas that makes up about 78 percent of Earth's atmosphere,hard
NOCTURNAL,Active at night,easy
NOMAD,A person who moves from place to place,easy
NOMINEE,A person or work proposed for an award,easy
NONCHALANT,Feeling or appearing casually calm,hard
NOODLES,Long thin strips of pasta or dough used in Asian cooking,easy
NOON,Twelve o'clock in the middle of the day,easy
NORWAY,Scandinavian country famous for its fjords,easy
NOSTALGIA,Sentimental longing for the past,hard
NOTEBOOK,Book for writing notes,easy
NOVA,Star explosion,hard
NOVEMBER,The eleventh month of the year,easy
NOVICE,A person new to a field or activity,easy
NUCLEAR,Relating to the energy in the nucleus of an atom,easy
NUCLEUS,The dense central core of an atom,hard
OASIS,A fertile spot in a desert where water is found,easy
OBELISK,Tall stone pillar,hard
OBFUSCATE,To make something unclear,hard
OBLIQUE,Neither parallel nor at a right angle,hard
OBLIVIOUS,Not aware of or concerned about what is happening,hard
OBSEQUIOUS,Obedient or attentive to an excessive degree,hard
OBSIDIAN,A dark volcanic glass formed from cooled lava,hard
OCEAN,A vast body of salt water,easy
OCTAGON,A polygon with eight sides,easy
OCTAVE,Interval of eight notes,easy
OCTOBER,The tenth month; associated with Halloween,easy
ODYSSEY,Long journey,hard
OFFLINE,Not connected to the internet,easy
OLYMPIC,Relating to the international multi-sport Olympic Games,easy
OMEGA,The last letter of the Greek alphabet,easy
OMINOUS,Giving the impression that something bad will happen,easy
OMNIPOTENT,Having unlimited or very great power,hard
ONION,A layered pungent bulb used as a vegetable,easy
ONLINE,Connected to and using the internet,easy
ONTARIO,The Canadian province that is home to Ottawa and Toronto,easy
OPAQUE,Not transparent,easy
OPERA,A dramatic art form in which dialogue is sung,easy
OPERETTA,A lighthearted opera with spoken dialogue,hard
OPRAH,Queen of daytime talk shows,easy
OPULENT,Ostentatiously rich and luxurious,hard
ORACLE,Source of wise advice,hard
ORANGE,Round citrus fruit,easy
ORATORIO,A large-scale choral work on a religious theme,hard
ORBIT,The curved path of a celestial object,easy
ORBITAL,Path around a nucleus,hard
ORCHESTRA,Large ensemble of musicians,easy
ORCHID,Flowering plant,easy
ORIGIN,Beginning point,easy
OSCAR,Academy Award for excellence in film,easy
OSTENTATIOUS,Characterized by pretentious or showy display,hard
OUTCROP,Exposed rock formation,hard
OVATION,Applause,easy
OVEN,A kitchen appliance used for baking and roasting,easy
OVERTURE,An orchestral introduction to an opera or musical,hard
OXYGEN,Gas we need to breathe,easy
OZONE,Gas layer protecting Earth,easy
PACIFIC,The world's largest ocean,easy
PACMAN,Iconic yellow arcade character who eats dots,easy
PALISADE,Defensive fence,hard
PANDEMONIUM,Wild and noisy disorder or confusion,hard
PANTS,Clothing worn on the legs,easy
PAPARAZZI,Photographers who pursue celebrities for candid shots,easy
PAPER,Thin flat material used for writing or printing,easy
PARADIGM,A typical example or pattern of something,hard
PARADOX,Contradictory statement that may be true,easy
PARCHMENT,A writing material made from animal skin,hard
PARODY,An imitation of a work done for comic effect,easy
PARROT,Colorful talking bird,easy
PARSEC,Unit of astronomical distance,hard
PARSIMONY,Extreme unwillingness to spend money,hard
PARTY,A social gathering for fun and celebration,easy
PASSWORD,A secret word used to gain access to a system,easy
PASTA,Italian food made from flour and water dough,easy
PASTE,To insert previously copied content into a new location,easy
PASTRY,A dough used for making pies; tarts; and other baked goods,easy
PAVILION,Open-sided structure,easy
PEACE,Freedom from conflict or disturbance,easy
PEBBLE,Small stone,easy
PENCIL,A tool used for writing or drawing,easy
PENDULUM,A weight swinging from a fixed point,hard
PENGUIN,Flightless bird of the Antarctic,easy
PENINSULA,Land surrounded by water on three sides,easy
PENITENT,Feeling or showing sorrow and regret for wrongdoing,hard
PENTAGON,A polygon with five sides,easy
PEPPER,A hollow vegetable that can be red; yellow; or green,easy
PERCENT,A proportion expressed as parts per hundred,easy
PERIMETER,Boundary line,easy
PERNICIOUS,Having a harmful effect,hard
PHALANX,Military formation,hard
PHANTOM,Masked musical character who haunts an opera house,easy
PHISHING,Fraudulent attempts to steal personal information online,hard
PHOENIX,A mythical bird that rises from its own ashes,easy
PHOSPHORUS,Chemical element,hard
PHOTOSYNTHESIS,The process by which plants use sunlight to make food,hard
PHYSICS,The study of matter; energy; and the forces of nature,easy
PILLAR,Tall vertical structure,easy
PIRATE,Seafaring robber,easy
PIXAR,Animation studio that made Toy Story,easy
PIXEL,The smallest unit of a digital image,easy
PIZZA,Flatbread topped with cheese and tomato sauce,easy
PLANET,A large body orbiting a star,easy
PLANKTON,Microscopic sea organisms,hard
PLASMA,State of matter,hard
PLATE,A flat dish used for serving and eating food,easy
PLATEAU,Flat elevated land,easy
PLATINUM,A rare dense silvery-white precious metal,hard
PLAYER,A person who participates in a sport or game,easy
PLAYSTATION,Sony's line of home gaming consoles,easy
PLAYWRIGHT,A person who writes plays,hard
PLETHORA,A large or excessive amount of something,hard
PLOT,The series of events that make up a story,easy
PLUME,Feather or smoke column,easy
PLUS,The symbol for addition,easy
PLUTO,The most famous dwarf planet in the solar system,easy
PLUTONIUM,A highly radioactive element used in nuclear weapons,hard
PODCAST,An audio programme available for streaming or download,easy
POINT,A single unit of scoring in a game,easy
POKEMON,Franchise about collecting and battling pocket monsters,easy
POKER,A card game involving betting and bluffing,easy
POLAR,Relating to poles,easy
POLYGON,Shape with many sides,easy
POPCORN,Light snack made from heated corn kernels,easy
PORTAL,A gateway website that links to many other services,hard
PORTLAND,The largest city in Oregon,easy
POTATO,Starchy underground tuber used in cooking,easy
POTTER,The boy wizard with a lightning bolt scar,easy
PRAGMATIC,Dealing with things sensibly and realistically,hard
PRAGUE,Historic capital of the Czech Republic,hard
PREMIERE,The first public showing of a film or performance,easy
PREQUEL,A story set before the events of an earlier work,easy
PRESENT,Another word for a gift or the current moment in time,easy
PRESLEY,The King of Rock and Roll's surname,easy
PRINCE,The Purple One and rock music legend,easy
PRINTER,A machine that transfers text or images onto paper,easy
PRISM,Glass that separates light into colors,easy
PRISTINE,In its original unspoilt condition,hard
PRODUCER,The person responsible for the financing and logistics of a production,hard
PROSCENIUM,The arch that frames the front of a stage,hard
PROTAGONIST,The main character in a story,hard
PROTON,A positively charged subatomic particle in an atom's nucleus,hard
PROTRACTOR,A semicircular instrument for measuring angles,hard
PROXIMA,The star nearest to our own sun,hard
PROXY,A server that acts as an intermediary between users and the web,hard
PUZZLE,A game that tests your ingenuity,easy
PYLON,Tower supporting cables,hard
PYRAMID,Ancient structure with a square base and triangular sides,easy
PYTHON,A popular versatile high-level programming language,hard
QUANTUM,Smallest unit in physics,hard
QUARRY,Stone excavation site,easy
QUARTERBACK,The offensive player who leads plays in American football,hard
QUARTZ,A hard mineral often found in crystals,hard
QUASAR,Extremely bright galactic core,hard
QUEBEC,The French-speaking province of Canada,easy
QUEEN,Female monarch,easy
QUELL,To suppress,hard
QUERULOUS,Complaining in a petulant or whining manner,hard
QUEST,A mission or task in a role-playing game,easy
QUICKSAND,Loose wet sand that yields easily to pressure,easy
QUILL,Feather pen,easy
QUINTESSENTIAL,Representing the most perfect example,hard
QUIVER,A case for holding arrows,hard
QUORUM,Minimum members needed for a meeting,hard
QUOTA,A fixed share of something,hard
RABBIT,Long-eared hopping mammal,easy
RACE,A competitive event to see who is fastest,easy
RADAR,A system for detecting objects using radio waves,hard
RADIANT,Shining brightly,easy
RADIUS,Distance from the center to the edge of a circle,easy
RAIN,Droplets of water that fall from clouds,easy
RAINBOW,A colorful arc seen in the sky after rain,easy
RAVINE,Deep narrow valley,easy
REACTOR,Device producing energy,hard
RECALCITRANT,Obstinately uncooperative,hard
RECIPE,A set of instructions for preparing a dish,easy
RECORD,The best performance ever achieved in a sport or activity,easy
RECTANGLE,A four-sided shape with four right angles,easy
REFEREE,An official who enforces the rules during a game,easy
REFRACT,Bend light,easy
REFRESH,To reload a web page with updated content,easy
REHEARSAL,A practice session for an upcoming performance,easy
REITERATE,To say or do something again for emphasis,hard
RELIC,An object surviving from an earlier time,hard
REMAKE,A new version of an existing film or song,easy
REMINISCE,Indulge in enjoyable recollection of past events,hard
REPUBLIC,Government with elected leaders,easy
REPUGNANT,Extremely distasteful; unacceptable,hard
RESERVOIR,A large natural or artificial lake used for storage,easy
RESILIENCE,Ability to recover quickly,easy
RESTAURANT,A place where meals are served to customers,easy
REVERENCE,Deep respect for someone or something,hard
REVERIE,A state of being lost in one's thoughts,hard
REVIEW,A critical assessment of a film; book; or performance,easy
REVILE,Criticize in an abusive or insulting manner,hard
RICE,A staple grain grown in flooded paddies,easy
RIFT,Crack or split,easy
RIHANNA,Pop superstar from Barbados,easy
RIPPLE,A small wave on the surface of water,easy
RITUAL,A religious or solemn ceremony,easy
RIVAL,A person or team competing against another,easy
RIVER,A large natural stream of water,easy
ROBLOX,Online platform hosting user-created games,easy
ROBOT,A machine that can carry out complex tasks automatically,easy
ROCKET,A vehicle used to travel to space,easy
ROMANCE,A genre focused on love stories,easy
ROME,The Eternal City and capital of Italy,easy
RONALD,The loyal red-haired Weasley boy,easy
ROSTER,List of names,easy
ROUTER,A device that directs internet traffic between networks,hard
ROW,A horizontal line of seats,easy
ROWING,Sport of racing long narrow boats with oars,easy
RUDDER,Steering device,easy
RUGBY,Contact team sport played with an oval ball,easy
RULER,A straight-edged strip used to measure length,easy
RUNE,Ancient symbol,hard
RUNNING,Moving rapidly on foot in competition,easy
RUSSIA,The world's largest country by land area,easy
SABER,Curved sword,easy
SAFARI,The web browser developed by Apple,easy
SAFFRON,Expensive spice from a crocus flower,hard
SAGA,Long story,easy
SAGACIOUS,Wise and insightful,hard
SAHARA,The world's largest hot desert in North Africa,easy
SAILING,Sport of traveling on water using wind power,easy
SALAD,A dish of mixed raw vegetables; often served with dressing,easy
SALINITY,Salt concentration,hard
SALT,A mineral used to season or preserve food,easy
SANCTUM,Sacred place,hard
SANDWICH,Bread with filling between two slices,easy
SAPPHIRE,A precious blue gemstone,hard
SARDONIC,Grimly mocking or cynical,hard
SATELLITE,A natural or artificial object that orbits a planet,easy
SATIRE,The use of humor and irony to criticize or expose folly,easy
SATURDAY,The first day of the weekend,easy
SATURN,Planet famous for its spectacular rings,easy
SAVANNA,Tropical grassland,easy
SAVE,To store data so it is not lost,easy
SAVORY,Having a pleasant salty or herby flavor,easy
SCALAR,Quantity with magnitude only,hard
SCANNER,A device that converts physical documents into digital files,easy
SCARAB,Dung beetle,hard
SCENE,A sequence of continuous dramatic action,easy
SCHEMA,Organized framework,hard
SCHOOL,A place where children learn,easy
SCORE,The total number of points won by each side in a game,easy
SCORIA,Porous volcanic rock,hard
SCRABBLE,Word-building game using letter tiles and a board,easy
SCREEN,The display surface of a monitor or device,easy
SCRIPT,The written text of a play or film,easy
SCRUPULOUS,Diligent; thorough; very attentive to doing right,hard
SCULPTURE,Art created by shaping materials like stone or metal,easy
SEARCH,To look for specific information using a search engine,easy
SEASON,A complete set of episodes in one broadcast year,easy
SEATTLE,The Emerald City in Washington state,easy
SECOND,A sixtieth part of a minute,easy
SECTOR,Part of a whole,easy
SEDGE,Grass-like plant,hard
SEDIMENTARY,Rock formed from deposited material,hard
SEGA,Japanese company that created Sonic the Hedgehog,easy
SEISMIC,Relating to earthquakes,hard
SELFIE,A photo taken of yourself using your own camera,easy
SEMAPHORE,A signaling system using flags or lights,hard
SENDER,The person who sends a message,easy
SEOUL,The capital city of South Korea,easy
SEPTEMBER,The ninth month; often the start of autumn,easy
SEQUEL,A book or film that continues the story of a previous one,easy
SERENDIPITY,The occurrence of events by lucky chance,hard
SERIES,A set of related television programmes,easy
SERVER,A computer that hosts and serves data to other computers,hard
SET,The location constructed or used for filming a scene,easy
SEXTANT,Navigational instrument,hard
SHADOW,Dark area formed when an object blocks light,easy
SHAKIRA,Colombian singer whose hips don't lie,easy
SHARD,Broken piece,easy
SHATTER,To break suddenly into many pieces,easy
SHEEP,Farm animal with woolly fleece,easy
SHELTER,A place providing protection from danger,easy
SHIRT,Clothing worn on the upper body,easy
SHREK,A green ogre with a Scottish accent,easy
SIDEKICK,A hero's loyal companion and helper,easy
SIGMA,Greek letter,easy
SILICON,A semiconductor element used to make computer chips,easy
SILT,Fine sediment,easy
SILVER,A shiny grey precious metal,easy
SINATRA,The Chairman of the Board and Old Blue Eyes,easy
SINEW,Tendon or strength,hard
SINGAPORE,Prosperous island city-state in Southeast Asia,easy
SITCOM,Situation comedy series set in recurring locations,easy
SKEIN,Length of yarn,hard
SKELETON,The framework of bones in the body,easy
SKY,The region of the atmosphere seen from the ground,easy
SLATE,Fine-grained rock,easy
SMILE,An expression of happiness,easy
SNACK,A small amount of food eaten between main meals,easy
SNAIL,Slow-moving creature with a spiral shell,easy
SNAKE,Legless reptile,easy
SNOW,Frozen precipitation that falls as white flakes,easy
SNOWFLAKE,A delicate six-sided crystal of ice,easy
SOAP,A substance used with water for cleaning,easy
SOCCER,World's most popular sport played with a round ball,easy
SOCIAL,Relating to interaction between people in a community,easy
SOCKS,Coverings worn on the feet inside shoes,easy
SODA,A sweet carbonated soft drink,easy
SOFA,A long upholstered seat for more than one person,easy
SOFTBALL,Team sport similar to baseball using a larger ball,easy
SOFTWARE,Programs and applications run by a computer,easy
SOLACE,Comfort in a time of distress,hard
SOLDIER,Member of an army,easy
SOLILOQUY,Act of speaking one's thoughts aloud when alone,hard
SOLITAIRE,A patience card game played by one person,easy
SOLSTICE,Sun’s extreme position,hard
SONATA,An instrumental composition in several movements,hard
SONIC,Sega's speedy blue hedgehog,easy
SONNET,A 14-line poem,easy
SOPHISTICATED,Having worldly experience and refinement,hard
SOPRANO,The highest female singing voice,hard
SOUP,A savory liquid dish made from boiling meat or vegetables,easy
SOUR,Having a sharp acidic taste like a lemon,easy
SPACE,The vast expanse beyond Earth's atmosphere,easy
SPAIN,Country known for flamenco; tapas; and bullfighting,easy
SPAM,Unsolicited bulk messages sent over the internet,easy
SPECIES,A group of organisms able to interbreed,easy
SPECTRUM,A range of different colors or elements,hard
SPHERE,A perfectly round solid shape,easy
SPHINX,A mythical creature with a human head and lion's body,easy
SPICE,An aromatic substance used to flavor food,easy
SPICY,Having a hot pungent flavor from chili or pepper,easy
SPINOFF,A show or film derived from an existing one,easy
SPOILER,Information that reveals an upcoming plot twist,easy
SPOOF,A light-hearted parody of something,easy
SPOON,Utensil with a shallow bowl used for eating,easy
SPRUCE,Evergreen tree,easy
SPUR,Projection or incentive,easy
SQUANDER,Waste resources in a reckless manner,hard
SQUARE,A four-sided shape with all sides equal and all right angles,easy
STADIUM,A large outdoor arena built for sporting events,easy
STAGE,The raised platform where actors perform,easy
STAR,A ball of burning gas visible in the night sky,easy
STASIS,A period of no change or development,hard
STATISTICS,Branch of mathematics concerned with analyzing data,hard
STEAK,A thick cut of meat from beef,easy
STEPPE,Treeless grassy plain,hard
STONES,Classic rock band fronted by Mick Jagger,easy
STORM,Heavy rain with wind and thunder,easy
STOVE,A kitchen appliance used for cooking on a flat surface,easy
STRATA,Layers of rock,hard
STREAMING,Watching video or listening to audio over the internet,easy
STREET,A paved road in a town or city,easy
STRIATION,Linear mark,hard
STUDIO,A facility where films; music; or art is produced,easy
STUNTMAN,A person trained to perform dangerous scenes in films,easy
SUBJECT,The title line summarizing the content of an email,easy
SUBMARINE,Underwater vessel,easy
SUBSTRATE,Underlying layer,hard
SUDOKU,Number-placement logic puzzle,easy
SUFFRAGE,Right to vote,easy
SUGAR,A sweet crystalline substance used to sweeten food,easy
SUMMER,The warmest season of the year,easy
SUMMIT,Highest point,easy
SUN,The star at the center of our solar system,easy
SUNDAY,The last day of the week and the traditional day of rest,easy
SUNSHINE,Bright warm light from the sun,easy
SUPERHERO,A fictional hero with extraordinary powers,easy
SURGE,Sudden increase,easy
SURPRISE,Something unexpected that causes wonder or shock,easy
SURREPTITIOUS,Kept secret; stealthy,hard
SWAMP,Wetland,easy
SWEDEN,Scandinavian country known for IKEA and ABBA,easy
SWEET,Having a sugary taste like honey or ripe fruit,easy
SWIFT,Taylor-made pop superstar and singer-songwriter,easy
SWIMMING,Sport of propelling oneself through water,easy
SYCOPHANT,A person who seeks favor through flattery,hard
SYDNEY,Australian city famous for its Opera House and Harbour Bridge,easy
SYMBIOSIS,Close biological relationship between species,hard
SYMBOL,Representation,easy
SYMPHONY,An elaborate multi-movement orchestral composition,hard
SYNDICATE,A group of individuals combined for a common purpose,hard
TABLE,A flat surface on legs used for eating or working,easy
TABLEAU,Living picture scene,hard
TABLET,A flat portable touchscreen computer,easy
TACITURN,Reserved; saying little,hard
TALON,Claw of a bird,easy
TANGENT,Line touching a curve,hard
TANTAMOUNT,Equivalent in seriousness or effect to,hard
TARN,Mountain lake,hard
TEA,A hot drink made by steeping dried leaves in boiling water,easy
TEAM,A group of people working together toward a shared goal,easy
TECTONIC,Relating to Earth’s crust,hard
TELESCOPE,Instrument for viewing distant stars,easy
TEMERITY,Excessive confidence or boldness,hard
TEMPERATE,Mild climate,easy
TEMPURA,Lightly battered fried dish,easy
TENNIS,Racket sport played across a net,easy
TERABYTE,A unit of digital data equal to one trillion bytes,hard
TERRACE,Stepped platform,easy
TETRIS,Classic block-stacking video game,easy
TEXAS,The Lone Star State of the USA,easy
THEATER,A building where plays or shows are performed,easy
THERMAL,Relating to heat,easy
THESIS,A statement or theory put forward to be proved,hard
THESPIAN,An actor; relating to drama and the theatre,hard
THICKET,Dense group of bushes,easy
THIRSTY,Feeling the need to drink,easy
THOR,The Marvel god of thunder,easy
THRILLER,A genre characterized by suspense and tension,easy
THUNDER,The loud rumbling sound following a lightning strike,easy
THURSDAY,The fourth day of the working week,easy
TICKET,A paper used to enter an event,easy
TIDAL,Relating to the rise and fall of sea levels,easy
TIGER,A large striped wild cat,easy
TIKTOK,App famous for short user-made video clips,easy
TIMES,The symbol used to indicate multiplication,easy
TINKER,To repair casually,easy
TITAN,The largest moon of Saturn,hard
TITANIC,Tragic ocean liner in a 1997 epic movie,easy
TOKYO,Capital city of Japan,easy
TOMATO,A red fruit commonly used as a vegetable in cooking,easy
TONY,Award for excellence in Broadway theatre,easy
TORNADO,A violently rotating column of air,easy
TORONTO,The largest city in Canada,easy
TORRENT,Strong flow,easy
TOURNAMENT,An organized series of matches in a sport,easy
TOWEL,A cloth used for drying after washing,easy
TRACTOR,Farm vehicle,easy
TRAIN,Rail vehicle pulled by a locomotive,easy
TRAJECTORY,Path of motion,hard
TRANSIENT,Lasting only for a short time,hard
TRAPEZOID,A four-sided shape with one pair of parallel sides,hard
TRASH,The storage location for deleted files on a computer,easy
TREACHEROUS,Guilty of or involving betrayal,hard
TRENCH,Deep ditch,easy
TRENDING,Currently popular on social media,easy
TREPIDATION,A feeling of fear or agitation about something,hard
TRIAD,A group or set of three,easy
TRIANGLE,A polygon with three sides and three angles,easy
TRIATHLON,Endurance race combining swimming; cycling; and running,hard
TRIBUTARY,Stream feeding a river,hard
TRILOGY,A set of three related books; films; or other works,easy
TRIVIAL,Of little value or importance,easy
TROPHY,A decorative object given to the winner of a competition,easy
TROPIC,Region near equator,easy
TRUCK,Large vehicle used for transporting goods,easy
TRUMPET,Brass musical instrument,easy
TUESDAY,The second day of the working week,easy
TUNDRA,A cold treeless region with frozen soil,easy
TURBINE,Rotating engine,hard
TYCOON,Wealthy businessperson,hard
UBIQUITOUS,Present everywhere at the same time,hard
UBIQUITY,The state of being everywhere at the same time,hard
ULTRAVIOLET,Type of light beyond the visible spectrum,hard
UMAMI,Savory taste,easy
UMBRA,The fully shaded inner part of a shadow,hard
UMBRELLA,Protection from the rain,easy
UMPIRE,An official who enforces the rules in baseball or cricket,easy
UNANIMOUS,Fully in agreement,hard
UNCOUTH,Lacking good manners or refinement,hard
UNDERCURRENT,Hidden influence,hard
UNDO,To reverse the most recent action on a computer,easy
UNICORN,Mythical one-horned horse,easy
UNIFORM,The standardized clothing worn by a sports team,easy
UPDRAFT,Rising air current,hard
UPLOAD,The process of sending data to the internet,easy
URANIUM,A heavy radioactive element used as nuclear fuel,hard
URANUS,The seventh planet from the sun; an ice giant,easy
URCHIN,Spiny sea creature,easy
USER,A person who uses a computer or software application,easy
USURP,Take a position of power or importance illegally,hard
UTOPIA,An imagined place of perfection,easy
VACATION,A trip or period taken away from home for rest or leisure,easy
VACCINE,A substance that stimulates immunity to a specific disease,easy
VACUUM,A space entirely devoid of matter,easy
VADER,Dark Lord of the Sith in Star Wars,easy
VAGABOND,Wanderer,hard
VALLEY,Low land between hills or mountains,easy
VALOR,Great courage in the face of danger,hard
VAMPIRE,A mythical creature that survives by drinking blood,easy
VAULT,Arched structure,easy
VECTOR,Quantity with direction,hard
VEHEMENT,Showing strong feeling; forceful,hard
VEIN,Tube carrying blood,easy
VELOCITY,Speed of something in a given direction,hard
VELODROME,An indoor banked track used for cycle racing,hard
VENTURE,Risky undertaking,easy
VENUE,The place or location where an event takes place,easy
VENUS,The brightest natural object in the night sky after the Moon,easy
VERGE,Edge or brink,hard
VERSATILE,Able to adapt to many different functions,easy
VERTEX,Corner point,easy
VERVE,Spirit and enthusiasm,hard
VESSEL,Ship or container,easy
VIAL,Small container,easy
VICTORY,Success in defeating an opponent or rival,easy
VIENNA,Capital of Austria known for classical music and coffee houses,hard
VIGILANT,Keeping careful watch for possible danger,hard
VILLAIN,The main evil character in a story,easy
VINDICATE,Clear someone of blame or suspicion,hard
VIRAL,Spreading rapidly across the internet,easy
VIRTUAL,Existing on a computer rather than in the physical world,easy
VIRTUOSO,A highly skilled musical performer,hard
VIRUS,A microscopic agent that replicates inside living cells,easy
VISTA,Wide scenic view,easy
VIVACIOUS,Attractively lively and animated,hard
VLOG,A blog in video format shared online,easy
VLOGGER,A person who creates and posts video journals online,easy
VOCIFEROUS,Vehement or clamorous,hard
VOLCANO,Mountain that erupts with lava,easy
VORTEX,A mass of whirling fluid or air,hard
WAFER,Thin slice,easy
WAITER,A man who serves food in a restaurant,easy
WAITRESS,A woman who serves food in a restaurant,easy
WANDERLUST,A strong desire to travel and explore,hard
WANE,To decrease,hard
WARDEN,Supervisor,easy
WATER,Clear liquid essential for life,easy
WATERFALL,Cascade of water,easy
WATERSHED,An area of land draining into a river or lake,hard
WEBSITE,A collection of related pages hosted on the internet,easy
WEDDING,A marriage ceremony,easy
WEDNESDAY,The middle day of the working week,easy
WEEK,A period of seven days,easy
WEIRD,Strange or uncanny,easy
WESTERN,A genre set in the American frontier era,easy
WHALE,The largest animal on Earth,easy
WHARF,Docking platform,easy
WHEAT,A cereal grain used to make flour; bread; and pasta,easy
WHEEDLE,Use flattery or coaxing to persuade someone,hard
WHIMSICAL,Playfully unusual,hard
WHIRLPOOL,Spinning water current,easy
WHISPER,A soft quiet way of speaking,easy
WICKED,Musical retelling of the witches of Oz,easy
WIFI,Wireless technology for connecting devices to the internet,easy
WILDFIRE,A large uncontrolled fire in nature,easy
WILLOW,Tree with drooping branches,easy
WINCH,Lifting device,hard
WIND,The natural movement of air from high to low pressure,easy
WINDOW,A transparent opening in a wall,easy
WINDOWS,The operating system made by Microsoft,easy
WINNER,The person or entry that receives a prize or award,easy
WINTER,The coldest season of the year,easy
WIRELESS,Communicating using radio waves rather than cables,easy
WISH,A desire or hope for something,easy
WISTFUL,Having a feeling of vague longing or regret,hard
WITCH,A woman said to practice magic or sorcery,easy
WITHER,To dry up,hard
WIZARD,A person with magical powers,easy
WOLF,Wild canine that hunts in packs,easy
WRATH,Extreme anger,easy
WRESTLING,Combat sport involving holds and throws,easy
WRETCHED,In a very unhappy or unfortunate state,easy
XBOX,Microsoft's line of home gaming consoles,easy
XENON,A heavy colorless noble gas,hard
XENOPHOBIA,Fear or dislike of people from other countries,hard
XYLOPHONE,Percussion instrument with wooden bars,easy
YACHT,A medium-sized sailboat for leisure or racing,easy
YAWN,To open one's mouth wide when tired,easy
YEAR,A period of 365 days or 366 in a leap year,easy
YEARNING,A feeling of intense longing for something,easy
YELLOW,The color of a lemon or the sun,easy
YESTERDAY,The day before today,easy
YIELD,To produce or provide a natural result,easy
YODA,Wise diminutive Jedi Master in Star Wars,easy
YONDER,At some distance,hard
YOUTHFUL,Young or seeming young,easy
YOUTUBE,The world's largest video sharing platform,easy
ZEAL,Great enthusiasm,easy
ZEALOT,A person who is fanatically committed to a cause,hard
ZEALOUS,Showing great energy or enthusiasm for a cause,hard
ZEBRA,Striped African equine,easy
ZELDA,Princess of Hyrule in Nintendo's adventure series,easy
ZEN,A state of calm attentiveness,easy
ZENITH,The highest point; peak or culmination,hard
ZEPHYR,A soft gentle breeze,hard
ZERO,The number representing nothing or an empty quantity,easy
ZEST,Citrus peel used for flavor,easy
ZIRCON,Mineral gemstone,hard
ZODIAC,A band of sky divided into twelve star signs,easy
ZOMBIE,A reanimated corpse from horror fiction,easy
ZOO,Place where wild animals are kept for public viewing,easy
ZOOLOGY,The scientific study of animals,hard
ZYGOTE,Fertilized cell,hard
